<?xml version="1.0" encoding="UTF-8"?>
<project-private xmlns="http://www.netbeans.org/ns/project-private/1">
    <editor-bookmarks xmlns="http://www.netbeans.org/ns/editor-bookmarks/2" lastBookmarkId="0"/>
    <open-files xmlns="http://www.netbeans.org/ns/projectui-open-files/2">
        <group>
            <file>file:/C:/Users/Nehal/Documents/NetBeansProjects/Employee%20Recruitment%20System/src/jobadv.java</file>
            <file>file:/C:/Users/Nehal/Documents/NetBeansProjects/Employee%20Recruitment%20System/src/jobs.java</file>
            <file>file:/C:/Users/Nehal/Documents/NetBeansProjects/Employee%20Recruitment%20System/src/home1.java</file>
            <file>file:/C:/Users/Nehal/Documents/NetBeansProjects/Employee%20Recruitment%20System/src/Customerprofile.java</file>
            <file>file:/C:/Users/Nehal/Documents/NetBeansProjects/Employee%20Recruitment%20System/src/forgot2.java</file>
            <file>file:/C:/Users/Nehal/Documents/NetBeansProjects/Employee%20Recruitment%20System/src/login.java</file>
            <file>file:/C:/Users/Nehal/Documents/NetBeansProjects/Employee%20Recruitment%20System/src/forgot.java</file>
            <file>file:/C:/Users/Nehal/Documents/NetBeansProjects/Employee%20Recruitment%20System/src/home2.java</file>
        </group>
    </open-files>
</project-private>
